"OBJECTID","LOCATION_TYPE","dist_from_quarry_m","latitude","longitude"
721,"AHU",87.0685160381281,-27.125426,-109.276367
578,"AHU",87.2509693757502,-27.125431,-109.276376
36,"AHU",87.4790227314527,-27.125437,-109.276387
392,"AHU",87.8943750759708,-27.125441,-109.276387
577,"AHU",89.1163007816035,-27.125456,-109.276397
729,"AHU",89.2264686292848,-27.12544,-109.276348
576,"AHU",89.597594638468,-27.125453,-109.276374
34,"AHU",89.8733883917045,-27.125461,-109.27639
728,"AHU",90.4029979374305,-27.12545,-109.276344
357,"AHU",90.7729350027732,-27.125468,-109.276385
393,"AHU",91.2340232258136,-27.125465,-109.276363
140,"AHU",91.3577624782674,-27.125463,-109.276354
394,"AHU",92.5275310652492,-27.125474,-109.276353
727,"AHU",93.2269867849666,-27.125479,-109.276348
429,"AHU",94.2236512666522,-27.125547,-109.276637
574,"AHU",98.3271949869907,-27.125585,-109.276657
609,"AHU",100.225514715614,-27.125602,-109.276654
550,"AHU",100.57555046836,-27.125606,-109.276686
549,"AHU",105.229676517723,-27.125648,-109.276706
573,"AHU",110.231713789358,-27.125693,-109.276714
572,"AHU",112.22363610675,-27.12571,-109.276751
571,"AHU",115.444432749876,-27.125738,-109.276773
330,"AHU",119.462578714074,-27.125772,-109.276807
223,"AHU",123.71682613539,-27.12581,-109.276813
222,"AHU",127.96960622334,-27.125846,-109.276841
221,"AHU",133.206368563762,-27.125891,-109.276865
575,"AHU",133.849322108595,-27.125382,-109.277815
220,"AHU",137.490500762641,-27.125926,-109.276898
447,"AHU",142.563285473478,-27.125969,-109.276922
446,"AHU",148.510937536147,-27.126018,-109.276958
445,"AHU",152.428465924008,-27.12605,-109.276982
890,"AHU",206.347480083633,-27.126361,-109.277636
141,"AHU",206.479355761819,-27.126356,-109.27765
685,"AHU",207.483408090491,-27.126372,-109.277637
891,"AHU",207.664504740263,-27.12638,-109.277623
528,"AHU",209.021603890066,-27.126367,-109.277682
808,"AHU",209.471529122249,-27.126392,-109.277637
527,"ISOLATED",209.753548956684,-27.12638,-109.27767
658,"AHU",210.103261290495,-27.126389,-109.277658
657,"AHU",210.331810860806,-27.126394,-109.277652
656,"AHU",210.684576286229,-27.126398,-109.277651
655,"AHU",210.878668323651,-27.126407,-109.277635
529,"AHU",211.432938751066,-27.126397,-109.27767
382,"AHU",211.991179120242,-27.126404,-109.277667
530,"AHU",212.407579123115,-27.12641,-109.277663
383,"AHU",212.638848014295,-27.125098,-109.278801
384,"AHU",232.904167814963,-27.125521,-109.278865
430,"AHU",256.339643137032,-27.126692,-109.27801
809,"ISOLATED",342.069506226486,-27.123531,-109.273503
810,"ISOLATED",369.854223567352,-27.123357,-109.273281
385,"ISOLATED",386.002725101252,-27.123463,-109.273056
386,"ISOLATED",413.245538382487,-27.123428,-109.272777
811,"AHU",596.943593386301,-27.122152,-109.27139
812,"AHU",603.181616962812,-27.122069,-109.271369
678,"QUARRY",755.55435924849,-27.121984,-109.283698
508,"QUARRY",804.607065974621,-27.122453,-109.284427
777,"QUARRY",814.750837319221,-27.122753,-109.284635
726,"AHU",829.39810422057,-27.132034,-109.278303
443,"AHU",841.846789253562,-27.132139,-109.278356
444,"AHU",854.580645184951,-27.132254,-109.278367
713,"QUARRY",882.603821075248,-27.123793,-109.285557
714,"QUARRY",884.112905815018,-27.12383,-109.285577
712,"QUARRY",900.102126564639,-27.123818,-109.285738
752,"QUARRY",914.463006736625,-27.124701,-109.285937
753,"QUARRY",928.43426887026,-27.124657,-109.286078
717,"QUARRY",932.50478334425,-27.12464,-109.286119
756,"QUARRY",940.407991676595,-27.124948,-109.286195
755,"QUARRY",941.341261670361,-27.12493,-109.286205
754,"QUARRY",942.381104594374,-27.124704,-109.286219
715,"QUARRY",974.962675269616,-27.123959,-109.286513
417,"QUARRY",976.411442182573,-27.126457,-109.286364
716,"QUARRY",979.602718531881,-27.124086,-109.286571
791,"QUARRY",983.334220122668,-27.123173,-109.286484
718,"QUARRY",986.102022966948,-27.124496,-109.286658
792,"QUARRY",987.468636941487,-27.123608,-109.286599
623,"QUARRY",995.830615933758,-27.125636,-109.286704
789,"QUARRY",996.473291179502,-27.12331,-109.286644
787,"QUARRY",996.651332272025,-27.123562,-109.286686
786,"QUARRY",996.77804255264,-27.123574,-109.286689
783,"QUARRY",997.018465501617,-27.123772,-109.286717
788,"QUARRY",998.090799424414,-27.123383,-109.286673
785,"QUARRY",998.423033500829,-27.123672,-109.286719
784,"QUARRY",1001.63842618405,-27.123799,-109.286767
782,"QUARRY",1001.74907588659,-27.123872,-109.286776
781,"QUARRY",1008.197612236,-27.123918,-109.286846
456,"QUARRY",1010.06454932053,-27.12418,-109.286886
780,"QUARRY",1010.40322234391,-27.12399,-109.286875
532,"QUARRY",1010.66668235794,-27.12355,-109.286827
624,"QUARRY",1011.97719310361,-27.126209,-109.286781
306,"QUARRY",1014.30681843255,-27.124108,-109.286924
458,"QUARRY",1014.60416040161,-27.124081,-109.286925
455,"QUARRY",1015.99851330626,-27.124164,-109.286945
454,"QUARRY",1020.07785543198,-27.124191,-109.286988
457,"QUARRY",1021.99487604153,-27.124139,-109.287004
531,"QUARRY",1022.01632576461,-27.123847,-109.286979
308,"QUARRY",1022.10304945066,-27.124019,-109.286996
326,"QUARRY",1023.87992729725,-27.12429,-109.287032
706,"QUARRY",1024.65796650844,-27.123793,-109.287
322,"QUARRY",1025.50066795337,-27.124538,-109.287057
307,"QUARRY",1026.96651502359,-27.124028,-109.287046
325,"QUARRY",1026.98772293488,-27.124146,-109.287055
705,"QUARRY",1029.97127840619,-27.123758,-109.28705
803,"QUARRY",1030.60752694001,-27.123875,-109.287069
796,"QUARRY",1030.70748725584,-27.120913,-109.286206
814,"QUARRY",1030.74789193073,-27.124456,-109.287108
324,"QUARRY",1030.88153831935,-27.124155,-109.287095
806,"QUARRY",1030.90681186156,-27.124559,-109.287112
323,"QUARRY",1031.16758642234,-27.124417,-109.287111
704,"QUARRY",1031.88571085616,-27.123695,-109.287062
805,"QUARRY",1032.50776068854,-27.123179,-109.286989
816,"QUARRY",1033.40366250916,-27.1244,-109.287133
741,"QUARRY",1034.08564364595,-27.126599,-109.286926
815,"QUARRY",1034.58177019526,-27.124432,-109.287146
707,"QUARRY",1035.18337183,-27.123243,-109.287028
615,"QUARRY",1035.20326127942,-27.126509,-109.286958
793,"QUARRY",1035.34504572315,-27.124217,-109.287144
804,"QUARRY",1035.60125939484,-27.12317,-109.287019
794,"QUARRY",1035.63545546908,-27.124336,-109.287153
300,"QUARRY",1035.74901763672,-27.124564,-109.287161
625,"QUARRY",1036.57167692906,-27.126758,-109.286913
742,"QUARRY",1039.45905130051,-27.126618,-109.286977
776,"QUARRY",1040.17705394026,-27.126699,-109.286965
299,"QUARRY",1040.54831196336,-27.124537,-109.287209
807,"QUARRY",1040.91929111777,-27.124625,-109.287214
802,"QUARRY",1042.34703248149,-27.123895,-109.28719
637,"QUARRY",1043.20509587839,-27.125988,-109.287138
801,"QUARRY",1044.79232231028,-27.12394,-109.287219
775,"QUARRY",1047.52135241171,-27.12468,-109.287281
636,"QUARRY",1048.50519311987,-27.126088,-109.287176
901,"QUARRY",1048.78823348914,-27.126169,-109.287165
616,"QUARRY",1050.03975594986,-27.126466,-109.28712
298,"QUARRY",1050.53136951994,-27.124615,-109.287311
800,"QUARRY",1050.6152687404,-27.124176,-109.287296
617,"QUARRY",1050.82650120217,-27.126457,-109.28713
899,"QUARRY",1051.35409798919,-27.126204,-109.287185
593,"QUARRY",1051.78820560767,-27.125389,-109.287296
798,"QUARRY",1052.39448867785,-27.124375,-109.287324
771,"QUARRY",1052.76670805843,-27.124689,-109.287334
902,"QUARRY",1052.9555951182,-27.126138,-109.287213
898,"QUARRY",1053.27369995892,-27.126235,-109.287199
592,"QUARRY",1054.21182997695,-27.125476,-109.287313
594,"QUARRY",1054.45712372932,-27.125377,-109.287324
437,"QUARRY NOT BEDROCK",1055.25602852362,-27.126719,-109.287116
651,"QUARRY",1056.97822059315,-27.126121,-109.287257
900,"QUARRY",1057.0967381998,-27.126197,-109.287245
297,"QUARRY",1057.23499070036,-27.124651,-109.287379
296,"QUARRY",1057.27139712052,-27.124607,-109.287379
799,"QUARRY",1057.62746177356,-27.124177,-109.287367
896,"QUARRY",1057.90851272422,-27.126291,-109.287236
294,"QUARRY",1058.63009710462,-27.124637,-109.287393
773,"QUARRY",1059.49809303223,-27.124704,-109.287402
774,"QUARRY",1059.90911787605,-27.124751,-109.287406
893,"QUARRY",1060.16574054167,-27.126323,-109.287253
595,"QUARRY",1060.44300713335,-27.125397,-109.287383
897,"QUARRY",1061.56206080892,-27.126245,-109.287282
779,"QUARRY",1061.91690729084,-27.124614,-109.287426
618,"QUARRY",1062.37048962029,-27.126387,-109.287263
295,"QUARRY",1062.38180954329,-27.124653,-109.287431
305,"QUARRY",1063.55398777181,-27.124331,-109.287435
772,"QUARRY",1064.45055228708,-27.124721,-109.287452
652,"QUARRY",1064.89121145614,-27.126114,-109.287339
601,"QUARRY",1065.0548771967,-27.125381,-109.287431
778,"QUARRY",1065.77386749129,-27.124618,-109.287465
591,"QUARRY",1067.40424311071,-27.125586,-109.287436
662,"QUARRY",1068.30656803745,-27.125568,-109.287447
795,"QUARRY",1068.77890859793,-27.123844,-109.287453
507,"QUARRY",1069.10136878746,-27.124708,-109.287499
770,"QUARRY",1069.13255398721,-27.124774,-109.287499
790,"QUARRY",1069.37431796555,-27.124414,-109.287497
758,"QUARRY",1069.93266648792,-27.124783,-109.287507
895,"QUARRY",1070.0580662462,-27.126325,-109.287354
311,"QUARRY",1070.10482243605,-27.124651,-109.287509
653,"QUARRY",1071.14244468644,-27.126013,-109.287419
720,"QUARRY",1072.2756415382,-27.124666,-109.287531
892,"QUARRY",1072.34777483975,-27.126343,-109.287374
654,"QUARRY",1073.13841857672,-27.126041,-109.287435
894,"QUARRY",1074.37190658835,-27.126289,-109.287405
719,"QUARRY",1075.24959365171,-27.124657,-109.287561
757,"QUARRY",1076.22905151684,-27.124703,-109.287571
304,"QUARRY",1076.28923184653,-27.124215,-109.287558
219,"QUARRY NOT BEDROCK",1076.30884968528,-27.127234,-109.287194
301,"QUARRY",1076.38074765312,-27.124604,-109.287572
631,"QUARRY",1077.11071054195,-27.126082,-109.287469
588,"QUARRY",1078.18438127262,-27.125866,-109.287512
587,"QUARRY",1078.70109708746,-27.125897,-109.287513
168,"QUARRY",1078.7675581656,-27.124486,-109.287594
589,"QUARRY",1080.71417500819,-27.125811,-109.287545
441,"QUARRY NOT BEDROCK",1081.58787411462,-27.126633,-109.287408
664,"QUARRY",1081.62092868104,-27.126119,-109.287509
302,"QUARRY",1081.65444721619,-27.124523,-109.287624
605,"QUARRY",1081.9055037478,-27.125389,-109.287601
586,"QUARRY",1082.00719806125,-27.125944,-109.28754
303,"QUARRY",1082.07168267669,-27.124243,-109.287618
590,"QUARRY",1084.50226699274,-27.125815,-109.287583
136,"QUARRY",1084.77472278479,-27.124297,-109.287648
604,"QUARRY",1084.99280083533,-27.125868,-109.287581
603,"QUARRY",1085.36113019073,-27.125757,-109.287599
440,"QUARRY NOT BEDROCK",1085.65829080078,-27.126715,-109.287431
135,"QUARRY",1088.16523948227,-27.124388,-109.287686
602,"QUARRY",1088.40980754512,-27.125471,-109.28766
439,"QUARRY NOT BEDROCK",1090.42400385156,-27.126703,-109.287483
629,"QUARRY",1090.69362376121,-27.125363,-109.287692
442,"QUARRY NOT BEDROCK",1091.281558458,-27.126592,-109.287517
585,"QUARRY",1092.29212696896,-27.126056,-109.287628
584,"QUARRY",1092.96292050427,-27.126154,-109.287619
134,"QUARRY",1094.16662757141,-27.124398,-109.287747
169,"QUARRY",1095.09682678002,-27.124416,-109.287757
659,"QUARRY",1095.61404422173,-27.126087,-109.287657
565,"QUARRY NOT BEDROCK",1095.97398079087,-27.126607,-109.287562
438,"QUARRY",1096.21689005833,-27.126753,-109.287531
415,"QUARRY",1096.83928978519,-27.127273,-109.287397
630,"QUARRY",1098.17583841141,-27.125274,-109.287774
566,"QUARRY NOT BEDROCK",1098.26203531065,-27.126526,-109.287603
506,"QUARRY",1098.63535923123,-27.125355,-109.287773
567,"QUARRY NOT BEDROCK",1099.14859876401,-27.126517,-109.287614
416,"QUARRY",1102.10271451268,-27.127216,-109.287469
661,"QUARRY",1109.07331578167,-27.12599,-109.287809
660,"QUARRY",1110.4379394108,-27.126082,-109.287809
568,"QUARRY NOT BEDROCK",1110.81539356913,-27.126564,-109.287724
489,"QUARRY",1111.19188510784,-27.126041,-109.287823
692,"QUARRY",1111.50847235953,-27.12462,-109.287927
627,"QUARRY",1113.19260918071,-27.126429,-109.287776
626,"QUARRY",1113.88849073795,-27.126465,-109.287776
497,"QUARRY",1115.15066132189,-27.126063,-109.28786
500,"QUARRY",1116.00118048685,-27.125987,-109.28788
498,"QUARRY",1116.23848732811,-27.126083,-109.287868
499,"QUARRY",1119.09108902019,-27.126051,-109.287902
397,"QUARRY NOT BEDROCK",1120.10730551612,-27.126484,-109.287836
398,"QUARRY",1120.1117064594,-27.126538,-109.287825
501,"QUARRY",1121.75605169762,-27.126005,-109.287936
839,"QUARRY NOT BEDROCK",1122.29369757993,-27.126745,-109.287802
828,"QUARRY",1125.90067677787,-27.125899,-109.287993
399,"QUARRY NOT BEDROCK",1126.70427568612,-27.126575,-109.287885
400,"QUARRY NOT BEDROCK",1127.22532068773,-27.126548,-109.287896
823,"QUARRY",1127.92956140655,-27.125926,-109.28801
817,"QUARRY",1128.83177073442,-27.126026,-109.288005
818,"QUARRY",1129.68361641353,-27.126017,-109.288015
825,"QUARRY",1131.08409962868,-27.125827,-109.288055
751,"QUARRY",1131.95166128996,-27.128089,-109.287484
35,"QUARRY NOT BEDROCK",1132.69380888169,-27.12462,-109.288141
824,"QUARRY",1132.87916526728,-27.125936,-109.288059
827,"QUARRY",1134.83677494405,-27.125883,-109.288086
485,"QUARRY",1135.28835579739,-27.124801,-109.288167
822,"QUARRY",1135.65508558777,-27.125988,-109.28808
826,"QUARRY",1136.34091070766,-27.125908,-109.288098
514,"QUARRY",1136.67361571885,-27.126684,-109.287964
487,"QUARRY",1137.11454176522,-27.12471,-109.288186
488,"QUARRY",1139.01785159405,-27.124765,-109.288205
834,"QUARRY",1139.8032892117,-27.125704,-109.288158
829,"QUARRY",1139.84830783875,-27.12595,-109.288128
833,"QUARRY",1140.70133338723,-27.125792,-109.288157
744,"QUARRY",1141.29921061247,-27.124629,-109.288228
513,"QUARRY",1141.55572186157,-27.12673,-109.288004
509,"QUARRY",1143.92715538118,-27.126496,-109.288078
486,"QUARRY",1144.63804843824,-27.124703,-109.288262
484,"QUARRY",1146.3528628871,-27.124777,-109.288279
832,"QUARRY",1146.53388528789,-27.125972,-109.288193
512,"QUARRY",1147.00318413664,-27.126658,-109.288076
831,"QUARRY",1147.98807126594,-27.125992,-109.288205
113,"QUARRY",1148.04918091634,-27.125746,-109.288237
511,"QUARRY",1148.72458638535,-27.126542,-109.288118
679,"QUARRY",1148.75432090395,-27.126974,-109.28802
835,"QUARRY",1149.36968980457,-27.125658,-109.28826
469,"QUARRY",1150.60731958274,-27.124774,-109.288322
114,"QUARRY",1150.78225941849,-27.125717,-109.288268
116,"QUARRY",1152.34942829347,-27.125743,-109.288281
310,"QUARRY",1152.73721905098,-27.125241,-109.288328
118,"QUARRY",1153.81267803087,-27.125843,-109.288284
117,"QUARRY",1154.4316550421,-27.125779,-109.288298
830,"QUARRY",1154.47117399377,-27.125992,-109.288271
510,"QUARRY",1155.72176922688,-27.126551,-109.288188
115,"QUARRY",1156.34604922719,-27.125703,-109.288326
467,"QUARRY",1156.97807881134,-27.124875,-109.288385
468,"QUARRY",1157.53189115125,-27.124767,-109.288392
548,"QUARRY",1158.75801294264,-27.124808,-109.288404
343,"QUARRY NOT BEDROCK",1159.92796068394,-27.127116,-109.288099
119,"QUARRY",1160.95351749159,-27.125781,-109.288364
632,"QUARRY",1162.37553426463,-27.126741,-109.288216
475,"QUARRY",1167.72947677109,-27.126265,-109.288364
633,"QUARRY",1169.62511819123,-27.126661,-109.288308
466,"QUARRY",1170.26094530068,-27.124824,-109.28852
401,"QUARRY NOT BEDROCK",1171.40501982486,-27.126812,-109.288293
453,"QUARRY",1171.57483924649,-27.124741,-109.288534
738,"QUARRY-BEDROCK",1171.59325895058,-27.124772,-109.288534
476,"QUARRY",1171.59577870493,-27.126256,-109.288405
360,"QUARRY NOT BEDROCK",1173.05188753505,-27.124687,-109.288549
120,"QUARRY",1176.69805863503,-27.125689,-109.288534
474,"QUARRY",1176.84358932567,-27.126347,-109.288443
465,"QUARRY",1178.0796471879,-27.124968,-109.288596
121,"QUARRY",1178.35391294659,-27.125706,-109.288549
663,"QUARRY",1178.89125776777,-27.124975,-109.288604
743,"QUARRY",1179.38629325433,-27.125374,-109.288589
122,"QUARRY",1179.46632749105,-27.125718,-109.288559
905,"QUARRY",1182.41713612809,-27.127189,-109.288313
504,"QUARRY",1182.95307706737,-27.124896,-109.288647
505,"QUARRY",1182.99150948904,-27.124914,-109.288647
684,"QUARRY",1184.27297826442,-27.124782,-109.288662
477,"QUARRY",1184.42185068767,-27.126321,-109.288525
406,"QUARRY",1184.93537238132,-27.124671,-109.288669
904,"QUARRY",1185.62892885028,-27.12726,-109.288327
503,"QUARRY",1185.9884454938,-27.124879,-109.288678
312,"QUARRY",1186.37590383788,-27.125579,-109.288643
125,"QUARRY",1188.55382841043,-27.125682,-109.288655
478,"QUARRY",1189.01400038497,-27.126303,-109.288575
452,"QUARRY",1189.28816549778,-27.124715,-109.288713
124,"QUARRY",1189.63488150014,-27.125729,-109.288661
634,"QUARRY",1189.87256142459,-27.126475,-109.288553
903,"QUARRY",1191.01040648179,-27.127462,-109.288325
451,"QUARRY",1192.35608266548,-27.124696,-109.288744
123,"QUARRY",1194.04541163145,-27.125736,-109.288705
313,"QUARRY",1194.12546894277,-27.125563,-109.288723
709,"QUARRY",1194.63506272394,-27.12468,-109.288767
708,"QUARRY",1196.12937720432,-27.124653,-109.288782
388,"QUARRY NOT BEDROCK",1197.2584561603,-27.1246,-109.288793
703,"QUARRY",1200.49067285165,-27.124643,-109.288826
464,"QUARRY",1200.74858542637,-27.127697,-109.288354
315,"QUARRY",1201.63424553302,-27.125618,-109.288794
314,"QUARRY",1201.87713323788,-27.125591,-109.288799
362,"QUARRY NOT BEDROCK",1202.32614198608,-27.124583,-109.288844
127,"QUARRY",1203.24542406137,-27.125522,-109.288819
129,"QUARRY",1206.46945194268,-27.125494,-109.288854
293,"QUARRY",1207.18652239779,-27.125621,-109.28885
320,"QUARRY",1207.71268566994,-27.125695,-109.288848
683,"QUARRY",1208.01642950512,-27.124906,-109.2889
749,"QUARRY",1208.20874724332,-27.12465,-109.288904
318,"QUARRY",1208.925779835,-27.125736,-109.288856
361,"QUARRY NOT BEDROCK",1209.23492898611,-27.124602,-109.288914
128,"QUARRY",1209.38474788943,-27.12557,-109.288877
319,"QUARRY",1209.76580060368,-27.125703,-109.288868
291,"QUARRY",1210.15412391718,-27.125673,-109.288875
682,"QUARRY",1210.4746489423,-27.124718,-109.288927
292,"QUARRY",1212.21663162467,-27.125652,-109.288898
413,"QUARRY",1213.25318234969,-27.12627,-109.288828
321,"QUARRY",1214.21412719332,-27.125634,-109.28892
126,"QUARRY",1214.31065459272,-27.125602,-109.288924
130,"QUARRY",1215.1616106175,-27.125576,-109.288935
765,"QUARRY",1216.00700274175,-27.125706,-109.288931
432,"QUARRY NOT BEDROCK",1218.12276705699,-27.12646,-109.288845
761,"QUARRY",1218.31947325355,-27.125598,-109.288965
764,"QUARRY",1219.01215589043,-27.125651,-109.288967
759,"QUARRY",1219.24731253622,-27.125558,-109.288978
431,"QUARRY NOT BEDROCK",1219.38512930881,-27.126415,-109.288866
317,"QUARRY",1220.79849413191,-27.125759,-109.288974
748,"QUARRY",1221.66222384083,-27.124679,-109.28904
316,"QUARRY",1222.14160046693,-27.125783,-109.288985
760,"QUARRY",1222.73388272003,-27.125573,-109.289012
405,"QUARRY",1223.65635720543,-27.124643,-109.28906
435,"QUARRY NOT BEDROCK",1224.13831733486,-27.1245,-109.289063
747,"QUARRY",1224.20155344093,-27.124585,-109.289065
681,"QUARRY",1225.94305045257,-27.124772,-109.289083
762,"QUARRY",1226.13228856642,-27.125589,-109.289045
473,"QUARRY",1226.61514803003,-27.124556,-109.289089
725,"QUARRY-BEDROCK",1226.85721540157,-27.124601,-109.289092
763,"QUARRY",1228.80949995034,-27.125623,-109.289069
404,"QUARRY NOT BEDROCK",1229.32918472833,-27.124604,-109.289117
414,"QUARRY",1231.18195596783,-27.126534,-109.288965
328,"QUARRY",1231.31061220199,-27.125549,-109.289101
768,"QUARRY",1232.52823122345,-27.125598,-109.289109
515,"QUARRY",1233.71222947933,-27.1254,-109.289137
769,"QUARRY",1234.43019651882,-27.125556,-109.289132
564,"QUARRY NOT BEDROCK",1234.74579972064,-27.124547,-109.289171
766,"QUARRY",1234.77509284255,-27.125628,-109.289129
690,"QUARRY",1235.50210532263,-27.125456,-109.289151
691,"QUARRY",1237.72848182038,-27.125395,-109.289178
327,"QUARRY",1238.05732419189,-27.125576,-109.289167
767,"QUARRY",1238.08156836235,-27.125612,-109.289164
131,"QUARRY",1239.47279260792,-27.125557,-109.289183
403,"QUARRY NOT BEDROCK",1241.234472196,-27.12458,-109.289237
516,"QUARRY",1241.80796288135,-27.125291,-109.289226
562,"QUARRY",1242.7686412844,-27.124544,-109.289252
680,"QUARRY",1242.8996112521,-27.124804,-109.289254
433,"QUARRY NOT BEDROCK",1242.95318345598,-27.126409,-109.289108
563,"QUARRY",1243.70350979088,-27.124585,-109.289262
329,"QUARRY",1244.06055500191,-27.125515,-109.289233
402,"QUARRY",1244.77612990888,-27.124527,-109.289272
344,"QUARRY NOT BEDROCK",1247.33363797417,-27.12623,-109.289182
746,"QUARRY",1247.76458756356,-27.124583,-109.289303
390,"QUARRY",1248.40203587643,-27.12455,-109.289309
389,"QUARRY NOT BEDROCK",1250.91724814683,-27.124597,-109.289335
745,"QUARRY",1251.6450669151,-27.124567,-109.289342
434,"QUARRY NOT BEDROCK",1253.64497539285,-27.126393,-109.28922
345,"QUARRY NOT BEDROCK",1255.60841325721,-27.126186,-109.289273
346,"QUARRY NOT BEDROCK",1257.8349029121,-27.126204,-109.289293
906,"QUARRY",1257.86765174216,-27.127464,-109.289022
628,"QUARRY",1258.78450426417,-27.125744,-109.289361
724,"QUARRY NOT BEDROCK",1259.19330509165,-27.125898,-109.289348
517,"QUARRY",1260.51059836124,-27.125294,-109.289415
309,"QUARRY",1261.39103821115,-27.125709,-109.289391
436,"QUARRY NOT BEDROCK",1263.77690702064,-27.125976,-109.289385
700,"QUARRY-BEDROCK",1264.2224638124,-27.124563,-109.289469
699,"QUARRY NOT BEDROCK",1265.18329948167,-27.124518,-109.289478
600,"QUARRY",1265.91482759638,-27.125481,-109.289457
667,"QUARRY NOT BEDROCK",1266.52271197442,-27.125935,-109.289418
422,"QUARRY NOT BEDROCK",1267.20038434549,-27.124498,-109.289498
599,"QUARRY",1270.60293893137,-27.125474,-109.289505
518,"QUARRY",1270.91909377093,-27.125408,-109.289513
347,"QUARRY NOT BEDROCK",1273.44714648265,-27.126107,-109.289466
387,"QUARRY NOT BEDROCK",1277.35271865257,-27.125927,-109.289529
698,"QUARRY NOT BEDROCK",1281.84878950997,-27.125873,-109.289581
907,"QUARRY",1283.12933733897,-27.12733,-109.289321
480,"QUARRY",1292.03041877494,-27.125685,-109.289704
479,"QUARRY",1295.18261810715,-27.125695,-109.289735
697,"QUARRY NOT BEDROCK",1295.96531524716,-27.125902,-109.289721
871,"QUARRY",1327.21704306653,-27.12704,-109.289847
481,"QUARRY",1330.80752100383,-27.126241,-109.290031
482,"QUARRY",1333.25873441544,-27.126536,-109.290009
483,"QUARRY",1334.68391678008,-27.126847,-109.289965
872,"QUARRY",1336.8794192478,-27.127078,-109.289938
710,"QUARRY",1339.31928520397,-27.123669,-109.290179
873,"QUARRY",1390.22240579795,-27.127885,-109.290281
677,"ROAD",1408.74300735856,-27.128024,-109.290433
448,"ROAD",1417.19513434266,-27.128334,-109.290423
472,"QUARRY",1417.32480345796,-27.123236,-109.290922
471,"QUARRY",1430.29296710937,-27.123301,-109.291062
359,"QUARRY NOT BEDROCK",1442.86998080677,-27.125748,-109.291227
524,"ROAD",1443.91693715987,-27.128517,-109.290643
358,"QUARRY NOT BEDROCK",1446.15508553685,-27.125659,-109.291268
449,"ROAD",1466.49487216733,-27.128527,-109.290878
470,"QUARRY",1480.24877783689,-27.12328,-109.291567
874,"QUARRY",1492.62712910127,-27.127035,-109.291548
908,"QUARRY",1498.21654969824,-27.127692,-109.291457
450,"ROAD",1527.49682885172,-27.128903,-109.291392
750,"QUARRY",1532.19956470487,-27.121522,-109.291761
675,"AHU",1532.96296634557,-27.124103,-109.29217
676,"AHU",1598.83600171083,-27.124429,-109.292847
408,"AHU",1620.06058276987,-27.138109,-109.283162
409,"AHU",1620.93283567515,-27.138137,-109.283111
423,"AHU",1625.11666809874,-27.138162,-109.283153
608,"AHU",1625.4641368514,-27.138184,-109.283104
410,"AHU",1627.95244587561,-27.138128,-109.283313
607,"AHU",1630.98922775471,-27.138218,-109.283157
606,"AHU",1633.686862174,-27.13822,-109.283221
407,"AHU",1635.88861094127,-27.138208,-109.283308
797,"AHU",1648.83701102771,-27.138329,-109.283324
674,"AHU",1711.8942939555,-27.125165,-109.293984
553,"ROAD",1742.8596184936,-27.129956,-109.293289
554,"ROAD",1756.79533836684,-27.129977,-109.29343
555,"ROAD",1762.45411559235,-27.12992,-109.293513
522,"MUSEUM",1837.58374868871,-27.121012,-109.294795
558,"ROAD",1837.58374868871,-27.121012,-109.294795
133,"ROAD",1858.36309647949,-27.130385,-109.294356
556,"ROAD",1868.96540947932,-27.130392,-109.294467
557,"ROAD",1875.31287577855,-27.130432,-109.294519
561,"AHU",1977.07184761263,-27.137488,-109.290601
